graph_id,model,n,param,seed,oracle_colors,n_rollouts,rows,seconds,colors_random,colors_welsh_powell,colors_dsatur,colors_rlf,tier,in_sample,is_worst_case
ba_n50_m10_s0,ba,50,10.0,0,8,101,150,0.03913297200006127,11,9,8,9,B,True,False
ba_n50_m10_s1,ba,50,10.0,1,8,123,172,0.04710105200001635,11,9,8,9,B,True,False
er_n50_p0.55_s2,er,50,0.55,2,12,116,165,0.046270454000023165,16,13,13,13,B,True,False
er_n50_p0.85_s1,er,50,0.85,1,21,121,170,0.04399257500017484,25,23,21,20,B,True,False
ba_n100_m5_s0,ba,100,5.0,0,5,268,367,0.18025003999991895,8,6,5,6,B,True,False
ba_n100_m8_s0,ba,100,8.0,0,7,270,369,0.195648533999929,9,8,7,8,B,True,False
er_n100_p0.90_s1,er,100,0.9,1,40,245,344,0.1851791700000831,46,43,41,38,B,True,False
er_n100_p0.55_s1,er,100,0.55,1,18,250,349,0.19278568700019605,23,21,20,18,B,True,False
ba_n150_m5_s2,ba,150,5.0,2,5,329,478,0.34776346600006036,8,6,6,6,B,True,False
ba_n150_m2_s0,ba,150,2.0,0,3,378,527,0.4305546879998019,6,4,3,4,B,True,False
er_n150_p0.90_s0,er,150,0.9,0,57,408,557,0.5150204690000919,64,65,61,57,B,True,False
er_n150_p0.50_s0,er,150,0.5,0,23,422,571,0.5610672200000408,31,28,24,23,B,True,False
ba_n200_m2_s1,ba,200,2.0,1,3,475,674,0.6830277300000489,5,4,3,3,B,True,False
ba_n200_m3_s1,ba,200,3.0,1,4,530,729,0.7327077219999865,8,4,4,4,B,True,False
er_n200_p0.60_s2,er,200,0.6,2,37,564,763,1.037250159999985,42,41,37,35,B,True,False
er_n200_p0.75_s0,er,200,0.75,0,50,496,695,0.8641777729999376,62,57,52,49,B,True,False
ba_n250_m50_s2,ba,250,50.0,2,23,691,940,1.4828887500000292,32,27,23,25,B,True,False
ba_n250_m50_s1,ba,250,50.0,1,24,674,923,1.5351960939999572,36,26,24,25,B,True,False
er_n250_p0.05_s2,er,250,0.05,2,6,663,912,1.1706249470000785,8,8,6,6,B,True,False
er_n250_p0.90_s2,er,250,0.9,2,86,717,966,1.5528819600001498,98,95,90,84,B,True,False
ba_n300_m8_s2,ba,300,8.0,2,7,824,1123,1.9157228139999916,14,8,7,8,B,True,False
ba_n300_m90_s1,ba,300,90.0,1,33,766,1065,2.2740541439998196,47,37,35,34,B,True,False
er_n300_p0.35_s0,er,300,0.35,0,28,873,1172,2.6630957160000435,34,34,30,28,B,True,False
er_n300_p0.35_s2,er,300,0.35,2,29,782,1081,2.51387746100022,35,33,30,29,B,True,False
ba_n350_m18_s1,ba,350,18.0,1,11,1011,1360,2.8724355490001017,19,13,11,13,B,True,False
ba_n350_m18_s0,ba,350,18.0,0,11,966,1315,2.570070891000114,21,14,11,12,B,True,False
er_n350_p0.50_s2,er,350,0.5,2,46,1029,1378,4.188636044999839,55,52,47,43,B,True,False
er_n350_p0.90_s0,er,350,0.9,0,116,959,1308,3.4813976899999943,132,126,119,111,B,True,False
ba_n400_m8_s2,ba,400,8.0,2,7,1139,1538,3.5212214380001114,12,8,7,8,B,True,False
ba_n400_m5_s0,ba,400,5.0,0,6,1138,1537,3.576578948000133,9,7,6,6,B,True,False
er_n400_p0.15_s0,er,400,0.15,0,17,1173,1572,4.235644677000209,21,20,18,17,B,True,False
er_n400_p0.50_s1,er,400,0.5,1,52,1166,1565,5.684911432999797,62,60,53,49,B,True,False
ba_n450_m5_s2,ba,450,5.0,2,6,1271,1720,4.250808108000001,10,7,6,6,B,True,False
ba_n450_m90_s1,ba,450,90.0,1,34,1293,1742,6.29697767499988,53,39,35,37,B,True,False
er_n450_p0.75_s2,er,450,0.75,2,98,1316,1765,7.284683514000108,111,107,104,95,B,True,False
er_n450_p0.80_s0,er,450,0.8,0,110,1312,1761,6.84217767500013,127,121,114,107,B,True,False
ba_n500_m25_s0,ba,500,25.0,0,14,1440,1939,6.307294939999792,24,16,14,15,B,True,False
ba_n500_m10_s2,ba,500,10.0,2,8,1412,1911,5.697411667000097,15,9,8,9,B,True,False
ba_n500_m150_s0,ba,500,150.0,0,55,1428,1927,8.177754109000034,76,58,55,56,B,False,True
er_n500_p0.85_s2,er,500,0.85,2,137,1421,1920,8.405511898999976,155,148,143,132,B,True,False
er_n500_p0.55_s2,er,500,0.55,2,68,1462,1961,9.65031377399987,80,77,72,67,B,True,False
er_n500_p0.95_s0,er,500,0.95,0,193,1434,1933,7.485317890000033,219,210,204,183,B,False,True
er_n500_p0.50_s0,er,500,0.5,0,63,1466,1965,9.699570322999989,72,71,66,60,B,False,True
