graph_id,model,n,param,seed,m,density,deg_min,deg_max,deg_mean,deg_std,avg_clustering,clustering_exact,degeneracy,file_bytes,tier,in_sample,is_worst_case,t_generate,t_save,t_graph_features,t_heuristics,t_replay,step_rows,t_total,colors_random,t_random,colors_welsh_powell,t_welsh_powell,colors_dsatur,t_dsatur,colors_rlf,t_rlf
ba_n2000_m20_s0,ba,2000,20.0,0,39600,0.019809904952476236,20,354,39.6,33.87519741639892,0.05835335699591971,True,20,79583,S,True,False,0.06600536100000909,0.025214981000004855,0.14040164400000776,0.2244279739999797,0.1661601939999855,8000,0.6222101539999869,23,0.052001370999988694,15,0.051390017999978,12,0.059027877000005446,14,0.06200870800000757
ba_n2000_m10_s0,ba,2000,10.0,0,19900,0.009954977488744372,10,251,19.9,19.94216638181519,0.03973863604315047,True,10,44890,S,True,False,0.03310548400000357,0.021488234999992528,0.13122702100000083,0.20250864199996954,0.1518642509999779,8000,0.5401936329999444,15,0.047706989999994676,10,0.04628160299998285,8,0.0554815680000047,9,0.053038480999987314
ba_n2000_m10_s1,ba,2000,10.0,1,19900,0.009954977488744372,10,228,19.9,19.74008611936635,0.03756679792139181,True,10,44763,S,True,False,0.03236882500002025,0.021356135999980097,0.13036155300000019,0.2013239449999844,0.15072617200004856,8000,0.5361366310000335,16,0.047414215000003423,10,0.04507687999998211,8,0.05507354199997394,9,0.05375930800002493
er_n2000_p0.20_s1,er,2000,0.2,1,400026,0.20011305652826414,325,463,400.026,17.933887587469705,0.20016690810728596,True,357,194552,S,True,False,0.014436826999997265,0.036687822000004644,0.133120617000003,0.43462565599995173,0.34303366099999266,8000,0.9619045829999493,92,0.09357351699998162,88,0.09294730599998502,82,0.10419083499999715,75,0.14391399799998794
er_n2000_p0.10_s1,er,2000,0.1,1,199641,0.0998704352176088,150,243,199.641,13.431311142252644,0.09974339276027533,True,170,140989,S,True,False,0.01492385300002752,0.04918988599999352,0.1327810070000055,0.3268993089999981,0.24756285399999456,8000,0.7713569090000192,52,0.07087311500001192,51,0.07086412799998243,45,0.0802733929999988,42,0.10488867300000493
er_n2000_p0.20_s2,er,2000,0.2,2,398642,0.19942071035517758,335,460,398.642,17.687222393581195,0.19940919756823974,True,357,194349,S,True,False,0.014370948000021144,0.0378799190000052,0.13414315400001442,0.4466335749999928,0.3362613350000174,8000,0.969288931000051,91,0.09241132799999718,89,0.0932477810000023,82,0.10337677199999007,76,0.15759769400000323
ba_n5000_m2_s2,ba,5000,2.0,2,9996,0.0007998399679935987,2,190,3.9984,6.090024420312286,0.0030638825527453373,False,2,30285,S,True,False,0.027255144999998038,0.10342584400001442,0.08638278999998761,0.7716513649999683,0.5597624870000004,20000,1.5484776309999688,7,0.17774433499999986,5,0.17335194699998624,3,0.22000807299997405,4,0.20054701000000819
ba_n5000_m10_s1,ba,5000,10.0,1,49900,0.003992798559711942,10,397,19.96,22.25885891055514,0.019112996401527055,False,10,124512,S,True,False,0.09294528600000262,0.10951151800000503,0.0906207570000106,0.8517656840000143,0.5965472439999928,20000,1.7413904890000254,18,0.19407947900000977,10,0.18365911600000118,8,0.22983554900000058,9,0.24419154000000276
ba_n5000_m5_s0,ba,5000,5.0,0,24975,0.0019983996799359874,5,362,9.99,12.959023882993659,0.014653539395900318,False,5,68766,S,True,False,0.12218365600000425,0.10085542900000632,0.09324788700001818,0.8347536370000057,0.5796887969999887,20000,1.7307294060000231,11,0.1923840610000127,7,0.1818796789999908,6,0.23232161900000392,6,0.22816827799999828
er_n5000_p0.20_s0,er,5000,0.2,0,2500668,0.20009345869173834,898,1111,1000.2672,27.934949510604095,0.20006482178050294,False,928,1213635,S,True,False,0.08695119399999385,0.23393329199998902,2.2114024140000197,3.1791577609999706,1.7930783449999979,20000,7.504523005999971,191,0.5110977509999941,187,0.5082065349999993,177,0.5652207649999923,165,1.5946327099999849
er_n5000_p0.10_s1,er,5000,0.1,1,1247698,0.09983580716143228,424,578,499.0792,21.036827882549215,0.09969020317496774,False,447,876681,S,True,False,0.08712909200002628,0.3150568039999939,0.6367744640000126,2.048917209000024,1.2407032400000162,20000,4.328580809000073,106,0.3627703340000039,103,0.3635838680000063,95,0.4072529270000018,88,0.9153100800000118
er_n5000_p0.20_s1,er,5000,0.2,1,2500349,0.20006793358671734,889,1102,1000.1396,28.4584348100875,0.2001021194503885,False,925,1213547,S,True,False,0.08137957299999243,0.23412939199999983,2.206012254000001,3.2256346039999926,1.7950049139999749,20000,7.542160736999961,191,0.5129210799999839,187,0.5098978000000045,176,0.5617108399999893,165,1.6411048840000149
ba_n10000_m2_s1,ba,10000,2.0,1,19996,0.0003999599959996,2,246,3.9992,6.271538835086648,1.8125960061443932e-05,False,2,63865,S,True,False,0.06571033700001294,0.40904293900001676,0.3414710019999916,2.903030913000009,1.9183966910000265,40000,5.637651882000057,8,0.7141458499999942,4,0.6020523180000055,3,0.821734714999991,4,0.7650980300000185
ba_n10000_m20_s1,ba,10000,20.0,1,199600,0.003992399239923993,20,806,39.92,42.4940631147458,0.017252854416804284,False,20,489828,S,True,False,0.4363326620000123,0.44059513199999856,0.33178490899999247,3.2985105359999807,2.1014391240000236,40000,6.608662363000008,27,0.7613253959999895,16,0.6386847320000015,12,0.8162434049999945,14,1.0822570029999952
ba_n10000_m10_s1,ba,10000,10.0,1,99900,0.001998199819981998,10,605,19.98,23.560072156086452,0.011556050516839837,False,10,272578,S,True,False,0.2145647049999866,0.4131543919999956,0.3071484099999964,3.047679016000018,1.9793133040000157,40000,5.961859827000012,18,0.7310183710000047,11,0.6281004420000045,9,0.8023826939999879,9,0.8861775090000208
ba_n10000_m20_s0,ba,10000,20.0,0,199600,0.003992399239923993,20,749,39.92,42.291322987109304,0.01799567576845914,False,20,489733,S,False,True,0.3801647559999992,0.43792790599999876,0.31325660999999627,3.1544520610000006,2.057716743000043,40000,6.343518076000038,26,0.7381100909999816,15,0.6271973320000086,13,0.7907274929999915,14,0.998417145000019
er_n10000_p0.20_s2,er,10000,0.2,2,10001113,0.20004226422642266,1842,2158,2000.2226,40.2074277869152,0.2000463731530424,False,1890,4852774,S,True,False,0.3153894179999952,0.9520634959999938,8.880923162000016,16.51849808899999,6.933804814999974,40000,33.60067897999997,343,2.1067182849999995,334,2.0344309219999843,319,2.2080859530000225,301,10.169262928999984
er_n10000_p0.20_s1,er,10000,0.2,1,10001300,0.20004600460046004,1851,2159,2000.26,40.08434108227301,0.20004080611014932,False,1890,4853165,S,True,False,0.3378414590000034,0.948079139000015,9.24579456600003,16.410206953,6.931112746999986,40000,33.87303486400003,341,2.0611245430000054,335,2.038433604999966,320,2.33761935900003,302,9.973029445999998
er_n10000_p0.20_s0,er,10000,0.2,0,9997369,0.19996737673767376,1850,2170,1999.4738,39.88219293820239,0.19997919759031435,False,1892,4852189,S,True,True,0.32433345900000177,0.9477508130000274,9.055874040999981,16.720843179999918,6.971436886999982,40000,34.02023837999991,342,2.074291156999948,336,2.0542888339999763,322,2.245385483000007,302,10.346877705999987
